scientific_name	latvian_name	family_latin	family_lv	order_latin	order_lv	source_url	reviewed
Branta bernicla	Melngalvas zoss	Anatidae	pīļu dzimta	Anseriformes	Zosveidīgo kārta	https://www.latvijasdaba.lv/putni/sistematiskais-raditajs/anatidae/	no
Branta ruficollis	Sarkankakla zoss	Anatidae	pīļu dzimta	Anseriformes	Zosveidīgo kārta	https://www.latvijasdaba.lv/putni/sistematiskais-raditajs/anatidae/	no
Branta canadensis	Kanādas zoss	Anatidae	pīļu dzimta	Anseriformes	Zosveidīgo kārta	https://www.latvijasdaba.lv/putni/sistematiskais-raditajs/anatidae/	no
Branta leucopsis	Baltvaigu zoss	Anatidae	pīļu dzimta	Anseriformes	Zosveidīgo kārta	https://www.latvijasdaba.lv/putni/sistematiskais-raditajs/anatidae/	no
Anser anser	Meža zoss	Anatidae	pīļu dzimta	Anseriformes	Zosveidīgo kārta	https://www.latvijasdaba.lv/putni/sistematiskais-raditajs/anatidae/	no
Anser fabalis	Taigas sējas zoss	Anatidae	pīļu dzimta	Anseriformes	Zosveidīgo kārta	https://www.latvijasdaba.lv/putni/sistematiskais-raditajs/anatidae/	no
Anser brachyrhynchus	Īsknābja zoss	Anatidae	pīļu dzimta	Anseriformes	Zosveidīgo kārta	https://www.latvijasdaba.lv/putni/sistematiskais-raditajs/anatidae/	no
Anser serrirostris	Tundras sējas zoss	Anatidae	pīļu dzimta	Anseriformes	Zosveidīgo kārta	https://www.latvijasdaba.lv/putni/sistematiskais-raditajs/anatidae/	no
Anser albifrons	Baltpieres zoss	Anatidae	pīļu dzimta	Anseriformes	Zosveidīgo kārta	https://www.latvijasdaba.lv/putni/sistematiskais-raditajs/anatidae/	no
Anser erythropus	Mazā zoss	Anatidae	pīļu dzimta	Anseriformes	Zosveidīgo kārta	https://www.latvijasdaba.lv/putni/sistematiskais-raditajs/anatidae/	no
Cygnus olor	Paugurknābja gulbis	Anatidae	pīļu dzimta	Anseriformes	Zosveidīgo kārta	https://www.latvijasdaba.lv/putni/sistematiskais-raditajs/anatidae/	no
Cygnus columbianus	Mazais gulbis	Anatidae	pīļu dzimta	Anseriformes	Zosveidīgo kārta	https://www.latvijasdaba.lv/putni/sistematiskais-raditajs/anatidae/	no
Cygnus cygnus	Ziemeļu gulbis	Anatidae	pīļu dzimta	Anseriformes	Zosveidīgo kārta	https://www.latvijasdaba.lv/putni/sistematiskais-raditajs/anatidae/	no
Tadorna tadorna	Sāmsalas dižpīle	Anatidae	pīļu dzimta	Anseriformes	Zosveidīgo kārta	https://www.latvijasdaba.lv/putni/sistematiskais-raditajs/anatidae/	no
Tadorna ferruginea	Rudā dižpīle	Anatidae	pīļu dzimta	Anseriformes	Zosveidīgo kārta	https://www.latvijasdaba.lv/putni/sistematiskais-raditajs/anatidae/	no
Spatula querquedula	Prīkšķe	Anatidae	pīļu dzimta	Anseriformes	Zosveidīgo kārta	https://www.latvijasdaba.lv/putni/sistematiskais-raditajs/anatidae/	no
Spatula clypeata	Platknābis	Anatidae	pīļu dzimta	Anseriformes	Zosveidīgo kārta	https://www.latvijasdaba.lv/putni/sistematiskais-raditajs/anatidae/	no
Mareca strepera	Pelēkā pīle	Anatidae	pīļu dzimta	Anseriformes	Zosveidīgo kārta	https://www.latvijasdaba.lv/putni/sistematiskais-raditajs/anatidae/	no
Mareca penelope	Baltvēderis	Anatidae	pīļu dzimta	Anseriformes	Zosveidīgo kārta	https://www.latvijasdaba.lv/putni/sistematiskais-raditajs/anatidae/	no
Anas platyrhynchos	Meža pīle	Anatidae	pīļu dzimta	Anseriformes	Zosveidīgo kārta	https://www.latvijasdaba.lv/putni/sistematiskais-raditajs/anatidae/	no
Anas acuta	Garkaklis	Anatidae	pīļu dzimta	Anseriformes	Zosveidīgo kārta	https://www.latvijasdaba.lv/putni/sistematiskais-raditajs/anatidae/	no
Anas crecca	Krīklis	Anatidae	pīļu dzimta	Anseriformes	Zosveidīgo kārta	https://www.latvijasdaba.lv/putni/sistematiskais-raditajs/anatidae/	no
Netta rufina	Lielgalvis	Anatidae	pīļu dzimta	Anseriformes	Zosveidīgo kārta	https://www.latvijasdaba.lv/putni/sistematiskais-raditajs/anatidae/	no
Aythya ferina	Brūnkaklis	Anatidae	pīļu dzimta	Anseriformes	Zosveidīgo kārta	https://www.latvijasdaba.lv/putni/sistematiskais-raditajs/anatidae/	no
Aythya nyroca	Baltacis	Anatidae	pīļu dzimta	Anseriformes	Zosveidīgo kārta	https://www.latvijasdaba.lv/putni/sistematiskais-raditajs/anatidae/	no
Aythya collaris	Gredzenpīle	Anatidae	pīļu dzimta	Anseriformes	Zosveidīgo kārta	https://www.latvijasdaba.lv/putni/sistematiskais-raditajs/anatidae/	no
Aythya fuligula	Cekulpīle	Anatidae	pīļu dzimta	Anseriformes	Zosveidīgo kārta	https://www.latvijasdaba.lv/putni/sistematiskais-raditajs/anatidae/	no
Aythya marila	Ķerra	Anatidae	pīļu dzimta	Anseriformes	Zosveidīgo kārta	https://www.latvijasdaba.lv/putni/sistematiskais-raditajs/anatidae/	no
Polysticta stelleri	Stellera pūkpīle	Anatidae	pīļu dzimta	Anseriformes	Zosveidīgo kārta	https://www.latvijasdaba.lv/putni/sistematiskais-raditajs/anatidae/	no
Somateria spectabilis	Krāšņā pūkpīle	Anatidae	pīļu dzimta	Anseriformes	Zosveidīgo kārta	https://www.latvijasdaba.lv/putni/sistematiskais-raditajs/anatidae/	no
Somateria mollissima	Parastā pūkpīle	Anatidae	pīļu dzimta	Anseriformes	Zosveidīgo kārta	https://www.latvijasdaba.lv/putni/sistematiskais-raditajs/anatidae/	no
Histrionicus histrionicus	Arlekīnpīle	Anatidae	pīļu dzimta	Anseriformes	Zosveidīgo kārta	https://www.latvijasdaba.lv/putni/sistematiskais-raditajs/anatidae/	no
Melanitta perspicillata	Bangu pīle	Anatidae	pīļu dzimta	Anseriformes	Zosveidīgo kārta	https://www.latvijasdaba.lv/putni/sistematiskais-raditajs/anatidae/	no
Melanitta fusca	Tumšā pīle	Anatidae	pīļu dzimta	Anseriformes	Zosveidīgo kārta	https://www.latvijasdaba.lv/putni/sistematiskais-raditajs/anatidae/	no
Melanitta stejnegeri	Stejnegera pīle	Anatidae	pīļu dzimta	Anseriformes	Zosveidīgo kārta	https://www.latvijasdaba.lv/putni/sistematiskais-raditajs/anatidae/	no
Melanitta nigra	Melnā pīle	Anatidae	pīļu dzimta	Anseriformes	Zosveidīgo kārta	https://www.latvijasdaba.lv/putni/sistematiskais-raditajs/anatidae/	no
Melanitta americana	Amerikas melnā pīle	Anatidae	pīļu dzimta	Anseriformes	Zosveidīgo kārta	https://www.latvijasdaba.lv/putni/sistematiskais-raditajs/anatidae/	no
Clangula hyemalis	Kākaulis	Anatidae	pīļu dzimta	Anseriformes	Zosveidīgo kārta	https://www.latvijasdaba.lv/putni/sistematiskais-raditajs/anatidae/	no
Bucephala clangula	Gaigala	Anatidae	pīļu dzimta	Anseriformes	Zosveidīgo kārta	https://www.latvijasdaba.lv/putni/sistematiskais-raditajs/anatidae/	no
Mergellus albellus	Mazā gaura	Anatidae	pīļu dzimta	Anseriformes	Zosveidīgo kārta	https://www.latvijasdaba.lv/putni/sistematiskais-raditajs/anatidae/	no
Mergus merganser	Lielā gaura	Anatidae	pīļu dzimta	Anseriformes	Zosveidīgo kārta	https://www.latvijasdaba.lv/putni/sistematiskais-raditajs/anatidae/	no
Mergus serrator	Garknābja gaura	Anatidae	pīļu dzimta	Anseriformes	Zosveidīgo kārta	https://www.latvijasdaba.lv/putni/sistematiskais-raditajs/anatidae/	no
Oxyura leucocephala	Baltgalvas zilknābis	Anatidae	pīļu dzimta	Anseriformes	Zosveidīgo kārta	https://www.latvijasdaba.lv/putni/sistematiskais-raditajs/anatidae/	no
Tetrastes bonasia	Mežirbe	Phasianidae	fazānu dzimta	Galliformes	Vistveidīgo kārta	https://www.latvijasdaba.lv/putni/sistematiskais-raditajs/phasianidae/	no
Lagopus lagopus	Baltirbe	Phasianidae	fazānu dzimta	Galliformes	Vistveidīgo kārta	https://www.latvijasdaba.lv/putni/sistematiskais-raditajs/phasianidae/	no
Tetrao urogallus	Mednis	Phasianidae	fazānu dzimta	Galliformes	Vistveidīgo kārta	https://www.latvijasdaba.lv/putni/sistematiskais-raditajs/phasianidae/	no
Lyrurus tetrix	Rubenis	Phasianidae	fazānu dzimta	Galliformes	Vistveidīgo kārta	https://www.latvijasdaba.lv/putni/sistematiskais-raditajs/phasianidae/	no
Perdix perdix	Laukirbe	Phasianidae	fazānu dzimta	Galliformes	Vistveidīgo kārta	https://www.latvijasdaba.lv/putni/sistematiskais-raditajs/phasianidae/	no
Coturnix coturnix	Paipala	Phasianidae	fazānu dzimta	Galliformes	Vistveidīgo kārta	https://www.latvijasdaba.lv/putni/sistematiskais-raditajs/phasianidae/	no
Caprimulgus europaeus	Vakarlēpis	Caprimulgidae	lēļu dzimta	Caprimulgiformes	Lēļveidīgo kārta	https://www.latvijasdaba.lv/putni/sistematiskais-raditajs/caprimulgidae/	no
Apus apus	Svīre	Apodidae	svīru dzimta	Caprimulgiformes	Lēļveidīgo kārta	https://www.latvijasdaba.lv/putni/sistematiskais-raditajs/apodidae/	no
Otis tarda	Lielā sīga	Otididae	sīgu dzimta	Otidiformes	Sīgveidīgo kārta	https://www.latvijasdaba.lv/putni/sistematiskais-raditajs/otididae/	no
Chlamydotis macqueenii	Apkakles sīga	Otididae	sīgu dzimta	Otidiformes	Sīgveidīgo kārta	https://www.latvijasdaba.lv/putni/sistematiskais-raditajs/otididae/	no
Tetrax tetrax	Mazā sīga	Otididae	sīgu dzimta	Otidiformes	Sīgveidīgo kārta	https://www.latvijasdaba.lv/putni/sistematiskais-raditajs/otididae/	no
Cuculus canorus	Dzeguze	Cuculidae	dzegužu dzimta	Cuculiformes	Dzegužveidīgo kārta	https://www.latvijasdaba.lv/putni/sistematiskais-raditajs/cuculidae/	no
Syrrhaptes paradoxus	Stepes smilšvistiņa	Pteroclidae		Pterocliformes			no
Columba livia	Mājas balodis	Columbidae	baložu dzimta	Columbiformes	Baložveidīgo kārta	https://www.latvijasdaba.lv/putni/sistematiskais-raditajs/columbidae/	no
Columba oenas	Meža balodis	Columbidae	baložu dzimta	Columbiformes	Baložveidīgo kārta	https://www.latvijasdaba.lv/putni/sistematiskais-raditajs/columbidae/	no
Columba palumbus	Lauku balodis	Columbidae	baložu dzimta	Columbiformes	Baložveidīgo kārta	https://www.latvijasdaba.lv/putni/sistematiskais-raditajs/columbidae/	no
Streptopelia turtur	Parastā ūbele	Columbidae	baložu dzimta	Columbiformes	Baložveidīgo kārta	https://www.latvijasdaba.lv/putni/sistematiskais-raditajs/columbidae/	no
Streptopelia orientalis	Austrumu ūbele	Columbidae	baložu dzimta	Columbiformes	Baložveidīgo kārta	https://www.latvijasdaba.lv/putni/sistematiskais-raditajs/columbidae/	no
Streptopelia decaocto	Gredzenūbele	Columbidae	baložu dzimta	Columbiformes	Baložveidīgo kārta	https://www.latvijasdaba.lv/putni/sistematiskais-raditajs/columbidae/	no
Rallus aquaticus	Dumbrcālis	Rallidae	dumbrvistiņu dzimta	Gruiformes	Dzērvjveidīgo kārta	https://www.latvijasdaba.lv/putni/sistematiskais-raditajs/rallidae/	no
Crex crex	Grieze	Rallidae	dumbrvistiņu dzimta	Gruiformes	Dzērvjveidīgo kārta	https://www.latvijasdaba.lv/putni/sistematiskais-raditajs/rallidae/	no
Porzana porzana	Ormanītis	Rallidae	dumbrvistiņu dzimta	Gruiformes	Dzērvjveidīgo kārta	https://www.latvijasdaba.lv/putni/sistematiskais-raditajs/rallidae/	no
Gallinula chloropus	Ūdensvistiņa	Rallidae	dumbrvistiņu dzimta	Gruiformes	Dzērvjveidīgo kārta	https://www.latvijasdaba.lv/putni/sistematiskais-raditajs/rallidae/	no
Fulica atra	Laucis	Rallidae	dumbrvistiņu dzimta	Gruiformes	Dzērvjveidīgo kārta	https://www.latvijasdaba.lv/putni/sistematiskais-raditajs/rallidae/	no
Zapornia pusilla	Ceru ormanītis	Rallidae	dumbrvistiņu dzimta	Gruiformes	Dzērvjveidīgo kārta	https://www.latvijasdaba.lv/putni/sistematiskais-raditajs/rallidae/	no
Zapornia parva	Mazais ormanītis	Rallidae	dumbrvistiņu dzimta	Gruiformes	Dzērvjveidīgo kārta	https://www.latvijasdaba.lv/putni/sistematiskais-raditajs/rallidae/	no
Grus grus	Dzērve	Gruidae	dzērvju dzimta	Gruiformes	Dzērvjveidīgo kārta	https://www.latvijasdaba.lv/putni/sistematiskais-raditajs/gruidae/	no
Tachybaptus ruficollis	Mazais dūkuris	Podicipedidae	dūkuru dzimta	Podicipediformes	Dūkurveidīgo kārta	https://www.latvijasdaba.lv/putni/sistematiskais-raditajs/podicipedidae/	no
Podiceps grisegena	Pelēkvaigu dūkuris	Podicipedidae	dūkuru dzimta	Podicipediformes	Dūkurveidīgo kārta	https://www.latvijasdaba.lv/putni/sistematiskais-raditajs/podicipedidae/	no
Podiceps cristatus	Cekuldūkuris	Podicipedidae	dūkuru dzimta	Podicipediformes	Dūkurveidīgo kārta	https://www.latvijasdaba.lv/putni/sistematiskais-raditajs/podicipedidae/	no
Podiceps auritus	Ragainais dūkuris	Podicipedidae	dūkuru dzimta	Podicipediformes	Dūkurveidīgo kārta	https://www.latvijasdaba.lv/putni/sistematiskais-raditajs/podicipedidae/	no
Podiceps nigricollis	Melnkakla dūkuris	Podicipedidae	dūkuru dzimta	Podicipediformes	Dūkurveidīgo kārta	https://www.latvijasdaba.lv/putni/sistematiskais-raditajs/podicipedidae/	no
Haematopus ostralegus	Jūras žagata	Haematopodidae	jūrasžagatu dzimta	Charadriiformes	Tārtiņveidīgo kārta	https://www.latvijasdaba.lv/putni/sistematiskais-raditajs/haematopodidae/	no
Himantopus himantopus	Garstilbis	Recurvirostridae	īlenknābju dzimta	Charadriiformes	Tārtiņveidīgo kārta	https://www.latvijasdaba.lv/putni/sistematiskais-raditajs/recurvirostridae/	no
Recurvirostra avosetta	Avozeta	Recurvirostridae	īlenknābju dzimta	Charadriiformes	Tārtiņveidīgo kārta	https://www.latvijasdaba.lv/putni/sistematiskais-raditajs/recurvirostridae/	no
Pluvialis squatarola	Jūras ķīvīte	Charadriidae	tārtiņu dzimta	Charadriiformes	Tārtiņveidīgo kārta	https://www.latvijasdaba.lv/putni/sistematiskais-raditajs/charadriidae/	no
Pluvialis apricaria	Dzeltenais tārtiņš	Charadriidae	tārtiņu dzimta	Charadriiformes	Tārtiņveidīgo kārta	https://www.latvijasdaba.lv/putni/sistematiskais-raditajs/charadriidae/	no
Pluvialis fulva	Tundras tārtiņš	Charadriidae	tārtiņu dzimta	Charadriiformes	Tārtiņveidīgo kārta	https://www.latvijasdaba.lv/putni/sistematiskais-raditajs/charadriidae/	no
Eudromias morinellus	Morinella tārtiņš	Charadriidae	tārtiņu dzimta	Charadriiformes	Tārtiņveidīgo kārta	https://www.latvijasdaba.lv/putni/sistematiskais-raditajs/charadriidae/	no
Charadrius hiaticula	Smilšu tārtiņš	Charadriidae	tārtiņu dzimta	Charadriiformes	Tārtiņveidīgo kārta	https://www.latvijasdaba.lv/putni/sistematiskais-raditajs/charadriidae/	no
Thinornis dubius	Upes tārtiņš	Charadriidae	tārtiņu dzimta	Charadriiformes	Tārtiņveidīgo kārta	https://www.latvijasdaba.lv/putni/sistematiskais-raditajs/charadriidae/	no
Vanellus vanellus	Ķīvīte	Charadriidae	tārtiņu dzimta	Charadriiformes	Tārtiņveidīgo kārta	https://www.latvijasdaba.lv/putni/sistematiskais-raditajs/charadriidae/	no
Anarhynchus leschenaultii	Tuksneša tārtiņš	Charadriidae	tārtiņu dzimta	Charadriiformes	Tārtiņveidīgo kārta	https://www.latvijasdaba.lv/putni/sistematiskais-raditajs/charadriidae/	no
Anarhynchus alexandrinus	Jūras tārtiņš	Charadriidae	tārtiņu dzimta	Charadriiformes	Tārtiņveidīgo kārta	https://www.latvijasdaba.lv/putni/sistematiskais-raditajs/charadriidae/	no
Numenius phaeopus	Lietuvainis	Scolopacidae	sloku dzimta	Charadriiformes	Tārtiņveidīgo kārta	https://www.latvijasdaba.lv/putni/sistematiskais-raditajs/scolopacidae/	no
Numenius arquata	Kuitala	Scolopacidae	sloku dzimta	Charadriiformes	Tārtiņveidīgo kārta	https://www.latvijasdaba.lv/putni/sistematiskais-raditajs/scolopacidae/	no
Limosa lapponica	Sarkanā puskuitala	Scolopacidae	sloku dzimta	Charadriiformes	Tārtiņveidīgo kārta	https://www.latvijasdaba.lv/putni/sistematiskais-raditajs/scolopacidae/	no
Limosa limosa	Melnā puskuitala	Scolopacidae	sloku dzimta	Charadriiformes	Tārtiņveidīgo kārta	https://www.latvijasdaba.lv/putni/sistematiskais-raditajs/scolopacidae/	no
Lymnocryptes minimus	Vistilbe	Scolopacidae	sloku dzimta	Charadriiformes	Tārtiņveidīgo kārta	https://www.latvijasdaba.lv/putni/sistematiskais-raditajs/scolopacidae/	no
Scolopax rusticola	Sloka	Scolopacidae	sloku dzimta	Charadriiformes	Tārtiņveidīgo kārta	https://www.latvijasdaba.lv/putni/sistematiskais-raditajs/scolopacidae/	no
Gallinago media	Ķikuts	Scolopacidae	sloku dzimta	Charadriiformes	Tārtiņveidīgo kārta	https://www.latvijasdaba.lv/putni/sistematiskais-raditajs/scolopacidae/	no
Gallinago gallinago	Mērkaziņa	Scolopacidae	sloku dzimta	Charadriiformes	Tārtiņveidīgo kārta	https://www.latvijasdaba.lv/putni/sistematiskais-raditajs/scolopacidae/	no
Phalaropus fulicarius	Platknābja pūslītis	Scolopacidae	sloku dzimta	Charadriiformes	Tārtiņveidīgo kārta	https://www.latvijasdaba.lv/putni/sistematiskais-raditajs/scolopacidae/	no
Phalaropus lobatus	Šaurknābja pūslītis	Scolopacidae	sloku dzimta	Charadriiformes	Tārtiņveidīgo kārta	https://www.latvijasdaba.lv/putni/sistematiskais-raditajs/scolopacidae/	no
Xenus cinereus	Terekija	Scolopacidae	sloku dzimta	Charadriiformes	Tārtiņveidīgo kārta	https://www.latvijasdaba.lv/putni/sistematiskais-raditajs/scolopacidae/	no
Actitis hypoleucos	Upes tilbīte	Scolopacidae	sloku dzimta	Charadriiformes	Tārtiņveidīgo kārta	https://www.latvijasdaba.lv/putni/sistematiskais-raditajs/scolopacidae/	no
Tringa ochropus	Meža tilbīte	Scolopacidae	sloku dzimta	Charadriiformes	Tārtiņveidīgo kārta	https://www.latvijasdaba.lv/putni/sistematiskais-raditajs/scolopacidae/	no
Tringa stagnatilis	Dīķu tilbīte	Scolopacidae	sloku dzimta	Charadriiformes	Tārtiņveidīgo kārta	https://www.latvijasdaba.lv/putni/sistematiskais-raditajs/scolopacidae/	no
Tringa glareola	Purva tilbīte	Scolopacidae	sloku dzimta	Charadriiformes	Tārtiņveidīgo kārta	https://www.latvijasdaba.lv/putni/sistematiskais-raditajs/scolopacidae/	no
Tringa totanus	Pļavu tilbīte	Scolopacidae	sloku dzimta	Charadriiformes	Tārtiņveidīgo kārta	https://www.latvijasdaba.lv/putni/sistematiskais-raditajs/scolopacidae/	no
Tringa erythropus	Tumšā tilbīte	Scolopacidae	sloku dzimta	Charadriiformes	Tārtiņveidīgo kārta	https://www.latvijasdaba.lv/putni/sistematiskais-raditajs/scolopacidae/	no
Tringa nebularia	Lielā tilbīte	Scolopacidae	sloku dzimta	Charadriiformes	Tārtiņveidīgo kārta	https://www.latvijasdaba.lv/putni/sistematiskais-raditajs/scolopacidae/	no
Arenaria interpres	Akmeņtārtiņš	Scolopacidae	sloku dzimta	Charadriiformes	Tārtiņveidīgo kārta	https://www.latvijasdaba.lv/putni/sistematiskais-raditajs/scolopacidae/	no
Calidris tenuirostris	Garknābja šņibītis	Scolopacidae	sloku dzimta	Charadriiformes	Tārtiņveidīgo kārta	https://www.latvijasdaba.lv/putni/sistematiskais-raditajs/scolopacidae/	no
Calidris canutus	Lielais šņibītis	Scolopacidae	sloku dzimta	Charadriiformes	Tārtiņveidīgo kārta	https://www.latvijasdaba.lv/putni/sistematiskais-raditajs/scolopacidae/	no
Calidris pugnax	Gugatnis	Scolopacidae	sloku dzimta	Charadriiformes	Tārtiņveidīgo kārta	https://www.latvijasdaba.lv/putni/sistematiskais-raditajs/scolopacidae/	no
Calidris falcinellus	Dūņšņibītis	Scolopacidae	sloku dzimta	Charadriiformes	Tārtiņveidīgo kārta	https://www.latvijasdaba.lv/putni/sistematiskais-raditajs/scolopacidae/	no
Calidris ferruginea	Līkšņibītis	Scolopacidae	sloku dzimta	Charadriiformes	Tārtiņveidīgo kārta	https://www.latvijasdaba.lv/putni/sistematiskais-raditajs/scolopacidae/	no
Calidris temminckii	Temminka šņibītis	Scolopacidae	sloku dzimta	Charadriiformes	Tārtiņveidīgo kārta	https://www.latvijasdaba.lv/putni/sistematiskais-raditajs/scolopacidae/	no
Calidris alba	Gaišais šņibītis	Scolopacidae	sloku dzimta	Charadriiformes	Tārtiņveidīgo kārta	https://www.latvijasdaba.lv/putni/sistematiskais-raditajs/scolopacidae/	no
Calidris alpina	Parastais šņibītis	Scolopacidae	sloku dzimta	Charadriiformes	Tārtiņveidīgo kārta	https://www.latvijasdaba.lv/putni/sistematiskais-raditajs/scolopacidae/	no
Calidris maritima	Jūras šņibītis	Scolopacidae	sloku dzimta	Charadriiformes	Tārtiņveidīgo kārta	https://www.latvijasdaba.lv/putni/sistematiskais-raditajs/scolopacidae/	no
Calidris minuta	Trulītis	Scolopacidae	sloku dzimta	Charadriiformes	Tārtiņveidīgo kārta	https://www.latvijasdaba.lv/putni/sistematiskais-raditajs/scolopacidae/	no
Calidris melanotos	Tundras šņibītis	Scolopacidae	sloku dzimta	Charadriiformes	Tārtiņveidīgo kārta	https://www.latvijasdaba.lv/putni/sistematiskais-raditajs/scolopacidae/	no
Glareola nordmanni	Melnspārnu bezdelīgtārtiņš	Glareolidae	bezdelīgtārtiņu dzimta	Charadriiformes	Tārtiņveidīgo kārta	https://www.latvijasdaba.lv/putni/sistematiskais-raditajs/glareolidae/	no
Glareola pratincola	Brūnspārnu bezdelīgtārtiņš	Glareolidae	bezdelīgtārtiņu dzimta	Charadriiformes	Tārtiņveidīgo kārta	https://www.latvijasdaba.lv/putni/sistematiskais-raditajs/glareolidae/	no
Sternula albifrons	Mazais zīriņš	Laridae	kaiju dzimta	Charadriiformes	Tārtiņveidīgo kārta	https://www.latvijasdaba.lv/putni/sistematiskais-raditajs/laridae/	no
Hydroprogne caspia	Lielais zīriņš	Laridae	kaiju dzimta	Charadriiformes	Tārtiņveidīgo kārta	https://www.latvijasdaba.lv/putni/sistematiskais-raditajs/laridae/	no
Chlidonias hybrida	Baltvaigu zīriņš	Laridae	kaiju dzimta	Charadriiformes	Tārtiņveidīgo kārta	https://www.latvijasdaba.lv/putni/sistematiskais-raditajs/laridae/	no
Chlidonias niger	Melnais zīriņš	Laridae	kaiju dzimta	Charadriiformes	Tārtiņveidīgo kārta	https://www.latvijasdaba.lv/putni/sistematiskais-raditajs/laridae/	no
Chlidonias leucopterus	Baltspārnu zīriņš	Laridae	kaiju dzimta	Charadriiformes	Tārtiņveidīgo kārta	https://www.latvijasdaba.lv/putni/sistematiskais-raditajs/laridae/	no
Sterna paradisaea	Jūras zīriņš	Laridae	kaiju dzimta	Charadriiformes	Tārtiņveidīgo kārta	https://www.latvijasdaba.lv/putni/sistematiskais-raditajs/laridae/	no
Sterna hirundo	Upes zīriņš	Laridae	kaiju dzimta	Charadriiformes	Tārtiņveidīgo kārta	https://www.latvijasdaba.lv/putni/sistematiskais-raditajs/laridae/	no
Thalasseus sandvicensis	Cekulzīriņš	Laridae	kaiju dzimta	Charadriiformes	Tārtiņveidīgo kārta	https://www.latvijasdaba.lv/putni/sistematiskais-raditajs/laridae/	no
Hydrocoloeus minutus	Mazais ķīris	Laridae	kaiju dzimta	Charadriiformes	Tārtiņveidīgo kārta	https://www.latvijasdaba.lv/putni/sistematiskais-raditajs/laridae/	no
Rhodostethia rosea	Sārtā kaija	Laridae	kaiju dzimta	Charadriiformes	Tārtiņveidīgo kārta	https://www.latvijasdaba.lv/putni/sistematiskais-raditajs/laridae/	no
Rissa tridactyla	Trīspirkstu kaija	Laridae	kaiju dzimta	Charadriiformes	Tārtiņveidīgo kārta	https://www.latvijasdaba.lv/putni/sistematiskais-raditajs/laridae/	no
Xema sabini	Šķeltastes kaija	Laridae	kaiju dzimta	Charadriiformes	Tārtiņveidīgo kārta	https://www.latvijasdaba.lv/putni/sistematiskais-raditajs/laridae/	no
Chroicocephalus ridibundus	Lielais ķīris	Laridae	kaiju dzimta	Charadriiformes	Tārtiņveidīgo kārta	https://www.latvijasdaba.lv/putni/sistematiskais-raditajs/laridae/	no
Leucophaeus atricilla	Acteku kaija	Laridae	kaiju dzimta	Charadriiformes	Tārtiņveidīgo kārta	https://www.latvijasdaba.lv/putni/sistematiskais-raditajs/laridae/	no
Ichthyaetus ichthyaetus	Zivju kaija	Laridae	kaiju dzimta	Charadriiformes	Tārtiņveidīgo kārta	https://www.latvijasdaba.lv/putni/sistematiskais-raditajs/laridae/	no
Ichthyaetus melanocephalus	Melngalvas kaija	Laridae	kaiju dzimta	Charadriiformes	Tārtiņveidīgo kārta	https://www.latvijasdaba.lv/putni/sistematiskais-raditajs/laridae/	no
Larus canus	Kajaks	Laridae	kaiju dzimta	Charadriiformes	Tārtiņveidīgo kārta	https://www.latvijasdaba.lv/putni/sistematiskais-raditajs/laridae/	no
Larus delawarensis	Gredzenknābja kaija	Laridae	kaiju dzimta	Charadriiformes	Tārtiņveidīgo kārta	https://www.latvijasdaba.lv/putni/sistematiskais-raditajs/laridae/	no
Larus cachinnans	Kaspijas kaija	Laridae	kaiju dzimta	Charadriiformes	Tārtiņveidīgo kārta	https://www.latvijasdaba.lv/putni/sistematiskais-raditajs/laridae/	no
Larus argentatus	Sudrabkaija	Laridae	kaiju dzimta	Charadriiformes	Tārtiņveidīgo kārta	https://www.latvijasdaba.lv/putni/sistematiskais-raditajs/laridae/	no
Larus michahellis	Vidusjūras kaija	Laridae	kaiju dzimta	Charadriiformes	Tārtiņveidīgo kārta	https://www.latvijasdaba.lv/putni/sistematiskais-raditajs/laridae/	no
Larus marinus	Melnspārnu kaija	Laridae	kaiju dzimta	Charadriiformes	Tārtiņveidīgo kārta	https://www.latvijasdaba.lv/putni/sistematiskais-raditajs/laridae/	no
Larus hyperboreus	Lielā polārkaija	Laridae	kaiju dzimta	Charadriiformes	Tārtiņveidīgo kārta	https://www.latvijasdaba.lv/putni/sistematiskais-raditajs/laridae/	no
Larus fuscus	Reņģu kaija	Laridae	kaiju dzimta	Charadriiformes	Tārtiņveidīgo kārta	https://www.latvijasdaba.lv/putni/sistematiskais-raditajs/laridae/	no
Larus schistisagus	Kamčatkas kaija	Laridae	kaiju dzimta	Charadriiformes	Tārtiņveidīgo kārta	https://www.latvijasdaba.lv/putni/sistematiskais-raditajs/laridae/	no
Larus glaucoides	Mazā polārkaija	Laridae	kaiju dzimta	Charadriiformes	Tārtiņveidīgo kārta	https://www.latvijasdaba.lv/putni/sistematiskais-raditajs/laridae/	no
Stercorarius longicaudus	Garastes klijkaija	Stercorariidae	klijkaiju dzimta	Charadriiformes	Tārtiņveidīgo kārta	https://www.latvijasdaba.lv/putni/sistematiskais-raditajs/stercorariidae/	no
Stercorarius parasiticus	Īsastes klijkaija	Stercorariidae	klijkaiju dzimta	Charadriiformes	Tārtiņveidīgo kārta	https://www.latvijasdaba.lv/putni/sistematiskais-raditajs/stercorariidae/	no
Stercorarius pomarinus	Vidējā klijkaija	Stercorariidae	klijkaiju dzimta	Charadriiformes	Tārtiņveidīgo kārta	https://www.latvijasdaba.lv/putni/sistematiskais-raditajs/stercorariidae/	no
Stercorarius skua	Lielā klijkaija	Stercorariidae	klijkaiju dzimta	Charadriiformes	Tārtiņveidīgo kārta	https://www.latvijasdaba.lv/putni/sistematiskais-raditajs/stercorariidae/	no
Cepphus grylle	Melnais alks	Alcidae	alku dzimta	Charadriiformes	Tārtiņveidīgo kārta	https://www.latvijasdaba.lv/putni/sistematiskais-raditajs/alcidae/	no
Alca torda	Lielais alks	Alcidae	alku dzimta	Charadriiformes	Tārtiņveidīgo kārta	https://www.latvijasdaba.lv/putni/sistematiskais-raditajs/alcidae/	no
Alle alle	Mazais alks	Alcidae	alku dzimta	Charadriiformes	Tārtiņveidīgo kārta	https://www.latvijasdaba.lv/putni/sistematiskais-raditajs/alcidae/	no
Uria aalge	Tievknābja kaira	Alcidae	alku dzimta	Charadriiformes	Tārtiņveidīgo kārta	https://www.latvijasdaba.lv/putni/sistematiskais-raditajs/alcidae/	no
Gavia stellata	Brūnkakla gārgale	Gaviidae	gārgaļu dzimta	Gaviiformes	Gārgaļveidīgo kārta	https://www.latvijasdaba.lv/putni/sistematiskais-raditajs/gaviidae/	no
Gavia arctica	Melnkakla gārgale	Gaviidae	gārgaļu dzimta	Gaviiformes	Gārgaļveidīgo kārta	https://www.latvijasdaba.lv/putni/sistematiskais-raditajs/gaviidae/	no
Gavia immer	Polārā gārgale	Gaviidae	gārgaļu dzimta	Gaviiformes	Gārgaļveidīgo kārta	https://www.latvijasdaba.lv/putni/sistematiskais-raditajs/gaviidae/	no
Gavia adamsii	Dzeltenknābja gārgale	Gaviidae	gārgaļu dzimta	Gaviiformes	Gārgaļveidīgo kārta	https://www.latvijasdaba.lv/putni/sistematiskais-raditajs/gaviidae/	no
Hydrobates leucorhous	Ziemeļu vētrasburātājs	Hydrobatidae	burātāju dzimta	Procellariiformes	Vētrasputnu kārta	https://www.latvijasdaba.lv/putni/sistematiskais-raditajs/hydrobatidae/	no
Ardenna grisea	Tumšais vētrasputns	Procellariidae	vētrasputnu dzimta	Procellariiformes	Vētrasputnu kārta	https://www.latvijasdaba.lv/putni/sistematiskais-raditajs/procellariidae/	no
Ciconia nigra	Melnais stārķis	Ciconiidae	stārķu dzimta	Ciconiiformes	Stārķveidīgo kārta	https://www.latvijasdaba.lv/putni/sistematiskais-raditajs/ciconiidae/	no
Ciconia ciconia	Baltais stārķis	Ciconiidae	stārķu dzimta	Ciconiiformes	Stārķveidīgo kārta	https://www.latvijasdaba.lv/putni/sistematiskais-raditajs/ciconiidae/	no
Morus bassanus	Ziemeļu sulla	Sulidae	sullu dzimta	Suliformes	Sullveidīgo kārta	https://www.latvijasdaba.lv/putni/sistematiskais-raditajs/sulidae/	no
Microcarbo pygmeus	Mazais jūras krauklis	Phalacrocoracidae	jūraskraukļu dzimta	Suliformes	Sullveidīgo kārta	https://www.latvijasdaba.lv/putni/sistematiskais-raditajs/phalacrocoracidae/	no
Phalacrocorax carbo	Jūras krauklis	Phalacrocoracidae	jūraskraukļu dzimta	Suliformes	Sullveidīgo kārta	https://www.latvijasdaba.lv/putni/sistematiskais-raditajs/phalacrocoracidae/	no
Plegadis falcinellus	Brūnais ibiss	Threskiornithidae	ibisu dzimta	Pelecaniformes	Pelikānveidīgo kārta	https://www.latvijasdaba.lv/putni/sistematiskais-raditajs/threskiornithidae/	no
Platalea leucorodia	Karošknābis	Threskiornithidae	ibisu dzimta	Pelecaniformes	Pelikānveidīgo kārta	https://www.latvijasdaba.lv/putni/sistematiskais-raditajs/threskiornithidae/	no
Botaurus stellaris	Lielais dumpis	Ardeidae	gārņu dzimta	Pelecaniformes	Pelikānveidīgo kārta	https://www.latvijasdaba.lv/putni/sistematiskais-raditajs/ardeidae/	no
Botaurus minutus	Mazais dumpis	Ardeidae	gārņu dzimta	Pelecaniformes	Pelikānveidīgo kārta	https://www.latvijasdaba.lv/putni/sistematiskais-raditajs/ardeidae/	no
Nycticorax nycticorax	Nakts gārnis	Ardeidae	gārņu dzimta	Pelecaniformes	Pelikānveidīgo kārta	https://www.latvijasdaba.lv/putni/sistematiskais-raditajs/ardeidae/	no
Egretta garzetta	Zīda gārnis	Ardeidae	gārņu dzimta	Pelecaniformes	Pelikānveidīgo kārta	https://www.latvijasdaba.lv/putni/sistematiskais-raditajs/ardeidae/	no
Ardeola ralloides	Dzeltenais gārnis	Ardeidae	gārņu dzimta	Pelecaniformes	Pelikānveidīgo kārta	https://www.latvijasdaba.lv/putni/sistematiskais-raditajs/ardeidae/	no
Ardea alba	Lielais baltais gārnis	Ardeidae	gārņu dzimta	Pelecaniformes	Pelikānveidīgo kārta	https://www.latvijasdaba.lv/putni/sistematiskais-raditajs/ardeidae/	no
Ardea ibis	Lopu gārnis	Ardeidae	gārņu dzimta	Pelecaniformes	Pelikānveidīgo kārta	https://www.latvijasdaba.lv/putni/sistematiskais-raditajs/ardeidae/	no
Ardea cinerea	Zivju gārnis	Ardeidae	gārņu dzimta	Pelecaniformes	Pelikānveidīgo kārta	https://www.latvijasdaba.lv/putni/sistematiskais-raditajs/ardeidae/	no
Pelecanus onocrotalus	Sārtais pelikāns	Pelecanidae	pelikānu dzimta	Pelecaniformes	Pelikānveidīgo kārta	https://www.latvijasdaba.lv/putni/sistematiskais-raditajs/pelecanidae/	no
Pelecanus crispus	Cirtainais pelikāns	Pelecanidae	pelikānu dzimta	Pelecaniformes	Pelikānveidīgo kārta	https://www.latvijasdaba.lv/putni/sistematiskais-raditajs/pelecanidae/	no
Pandion haliaetus	Zivjērglis	Pandionidae	zivjērgļu dzimta	Accipitriformes	Vanagveidīgo kārta	https://www.latvijasdaba.lv/putni/sistematiskais-raditajs/pandionidae/	no
Elanus caeruleus	Melnplecu klija	Accipitridae	vanagu dzimta	Accipitriformes	Vanagveidīgo kārta	https://www.latvijasdaba.lv/putni/sistematiskais-raditajs/accipitridae/	no
Pernis apivorus	Ķīķis	Accipitridae	vanagu dzimta	Accipitriformes	Vanagveidīgo kārta	https://www.latvijasdaba.lv/putni/sistematiskais-raditajs/accipitridae/	no
Gyps fulvus	Baltgalvas grifs	Accipitridae	vanagu dzimta	Accipitriformes	Vanagveidīgo kārta	https://www.latvijasdaba.lv/putni/sistematiskais-raditajs/accipitridae/	no
Aegypius monachus	Melnais grifs	Accipitridae	vanagu dzimta	Accipitriformes	Vanagveidīgo kārta	https://www.latvijasdaba.lv/putni/sistematiskais-raditajs/accipitridae/	no
Circaetus gallicus	Čūskērglis	Accipitridae	vanagu dzimta	Accipitriformes	Vanagveidīgo kārta	https://www.latvijasdaba.lv/putni/sistematiskais-raditajs/accipitridae/	no
Clanga pomarina	Mazais ērglis	Accipitridae	vanagu dzimta	Accipitriformes	Vanagveidīgo kārta	https://www.latvijasdaba.lv/putni/sistematiskais-raditajs/accipitridae/	no
Clanga clanga	Vidējais ērglis	Accipitridae	vanagu dzimta	Accipitriformes	Vanagveidīgo kārta	https://www.latvijasdaba.lv/putni/sistematiskais-raditajs/accipitridae/	no
Hieraaetus pennatus	Pundurērglis	Accipitridae	vanagu dzimta	Accipitriformes	Vanagveidīgo kārta	https://www.latvijasdaba.lv/putni/sistematiskais-raditajs/accipitridae/	no
Aquila nipalensis	Stepes ērglis	Accipitridae	vanagu dzimta	Accipitriformes	Vanagveidīgo kārta	https://www.latvijasdaba.lv/putni/sistematiskais-raditajs/accipitridae/	no
Aquila heliaca	Karaliskais ērglis	Accipitridae	vanagu dzimta	Accipitriformes	Vanagveidīgo kārta	https://www.latvijasdaba.lv/putni/sistematiskais-raditajs/accipitridae/	no
Aquila chrysaetos	Klinšu ērglis	Accipitridae	vanagu dzimta	Accipitriformes	Vanagveidīgo kārta	https://www.latvijasdaba.lv/putni/sistematiskais-raditajs/accipitridae/	no
Aquila fasciata	Svītrainais ērglis	Accipitridae	vanagu dzimta	Accipitriformes	Vanagveidīgo kārta	https://www.latvijasdaba.lv/putni/sistematiskais-raditajs/accipitridae/	no
Accipiter nisus	Zvirbuļu vanags	Accipitridae	vanagu dzimta	Accipitriformes	Vanagveidīgo kārta	https://www.latvijasdaba.lv/putni/sistematiskais-raditajs/accipitridae/	no
Astur gentilis	Vistu vanags	Accipitridae	vanagu dzimta	Accipitriformes	Vanagveidīgo kārta	https://www.latvijasdaba.lv/putni/sistematiskais-raditajs/accipitridae/	no
Circus aeruginosus	Niedru lija	Accipitridae	vanagu dzimta	Accipitriformes	Vanagveidīgo kārta	https://www.latvijasdaba.lv/putni/sistematiskais-raditajs/accipitridae/	no
Circus cyaneus	Lauku lija	Accipitridae	vanagu dzimta	Accipitriformes	Vanagveidīgo kārta	https://www.latvijasdaba.lv/putni/sistematiskais-raditajs/accipitridae/	no
Circus macrourus	Stepes lija	Accipitridae	vanagu dzimta	Accipitriformes	Vanagveidīgo kārta	https://www.latvijasdaba.lv/putni/sistematiskais-raditajs/accipitridae/	no
Circus pygargus	Pļavu lija	Accipitridae	vanagu dzimta	Accipitriformes	Vanagveidīgo kārta	https://www.latvijasdaba.lv/putni/sistematiskais-raditajs/accipitridae/	no
Milvus milvus	Sarkanā klija	Accipitridae	vanagu dzimta	Accipitriformes	Vanagveidīgo kārta	https://www.latvijasdaba.lv/putni/sistematiskais-raditajs/accipitridae/	no
Milvus migrans	Melnā klija	Accipitridae	vanagu dzimta	Accipitriformes	Vanagveidīgo kārta	https://www.latvijasdaba.lv/putni/sistematiskais-raditajs/accipitridae/	no
Haliaeetus albicilla	Jūras ērglis	Accipitridae	vanagu dzimta	Accipitriformes	Vanagveidīgo kārta	https://www.latvijasdaba.lv/putni/sistematiskais-raditajs/accipitridae/	no
Buteo lagopus	Bikšainais klijāns	Accipitridae	vanagu dzimta	Accipitriformes	Vanagveidīgo kārta	https://www.latvijasdaba.lv/putni/sistematiskais-raditajs/accipitridae/	no
Buteo buteo	Peļu klijāns	Accipitridae	vanagu dzimta	Accipitriformes	Vanagveidīgo kārta	https://www.latvijasdaba.lv/putni/sistematiskais-raditajs/accipitridae/	no
Buteo rufinus	Garkāju klijāns	Accipitridae	vanagu dzimta	Accipitriformes	Vanagveidīgo kārta	https://www.latvijasdaba.lv/putni/sistematiskais-raditajs/accipitridae/	no
Tyto alba	Plīvurpūce	Tytonidae	plīvurpūču dzimta	Strigiformes	Pūčveidīgo kārta	https://www.latvijasdaba.lv/putni/sistematiskais-raditajs/tytonidae/	no
Aegolius funereus	Bikšainais apogs	Strigidae	pūču dzimta	Strigiformes	Pūčveidīgo kārta	https://www.latvijasdaba.lv/putni/sistematiskais-raditajs/strigidae/	no
Athene noctua	Mājas apogs	Strigidae	pūču dzimta	Strigiformes	Pūčveidīgo kārta	https://www.latvijasdaba.lv/putni/sistematiskais-raditajs/strigidae/	no
Surnia ulula	Svītrainā pūce	Strigidae	pūču dzimta	Strigiformes	Pūčveidīgo kārta	https://www.latvijasdaba.lv/putni/sistematiskais-raditajs/strigidae/	no
Glaucidium passerinum	Apodziņš	Strigidae	pūču dzimta	Strigiformes	Pūčveidīgo kārta	https://www.latvijasdaba.lv/putni/sistematiskais-raditajs/strigidae/	no
Otus scops	Mazā ausainā pūcīte	Strigidae	pūču dzimta	Strigiformes	Pūčveidīgo kārta	https://www.latvijasdaba.lv/putni/sistematiskais-raditajs/strigidae/	no
Asio otus	Ausainā pūce	Strigidae	pūču dzimta	Strigiformes	Pūčveidīgo kārta	https://www.latvijasdaba.lv/putni/sistematiskais-raditajs/strigidae/	no
Asio flammeus	Purva pūce	Strigidae	pūču dzimta	Strigiformes	Pūčveidīgo kārta	https://www.latvijasdaba.lv/putni/sistematiskais-raditajs/strigidae/	no
Bubo scandiacus	Baltā pūce	Strigidae	pūču dzimta	Strigiformes	Pūčveidīgo kārta	https://www.latvijasdaba.lv/putni/sistematiskais-raditajs/strigidae/	no
Bubo bubo	Ūpis	Strigidae	pūču dzimta	Strigiformes	Pūčveidīgo kārta	https://www.latvijasdaba.lv/putni/sistematiskais-raditajs/strigidae/	no
Strix aluco	Meža pūce	Strigidae	pūču dzimta	Strigiformes	Pūčveidīgo kārta	https://www.latvijasdaba.lv/putni/sistematiskais-raditajs/strigidae/	no
Strix uralensis	Urālpūce	Strigidae	pūču dzimta	Strigiformes	Pūčveidīgo kārta	https://www.latvijasdaba.lv/putni/sistematiskais-raditajs/strigidae/	no
Strix nebulosa	Ziemeļpūce	Strigidae	pūču dzimta	Strigiformes	Pūčveidīgo kārta	https://www.latvijasdaba.lv/putni/sistematiskais-raditajs/strigidae/	no
Upupa epops	Pupuķis	Upupidae	pupuķu dzimta	Bucerotiformes	Degunragputnveidīgo kārta	https://www.latvijasdaba.lv/putni/sistematiskais-raditajs/upupidae/	no
Coracias garrulus	Zaļā vārna	Coraciidae	zaļvārnu dzimta	Coraciiformes	Zaļvārnveidīgo kārta	https://www.latvijasdaba.lv/putni/sistematiskais-raditajs/coraciidae/	no
Alcedo atthis	Zivju dzenītis	Alcedinidae	zivju dzenīšu dzimta	Coraciiformes	Zaļvārnveidīgo kārta	https://www.latvijasdaba.lv/putni/sistematiskais-raditajs/alcedinidae/	no
Merops apiaster	Bišu dzenis	Meropidae	kukaiņdzeņu dzimta	Coraciiformes	Zaļvārnveidīgo kārta	https://www.latvijasdaba.lv/putni/sistematiskais-raditajs/meropidae/	no
Jynx torquilla	Tītiņš	Picidae	dzilnu dzimta	Piciformes	Dzilnveidīgo kārta	https://www.latvijasdaba.lv/putni/sistematiskais-raditajs/picidae/	no
Picoides tridactylus	Trīspirkstu dzenis	Picidae	dzilnu dzimta	Piciformes	Dzilnveidīgo kārta	https://www.latvijasdaba.lv/putni/sistematiskais-raditajs/picidae/	no
Dendrocoptes medius	Vidējais dzenis	Picidae	dzilnu dzimta	Piciformes	Dzilnveidīgo kārta	https://www.latvijasdaba.lv/putni/sistematiskais-raditajs/picidae/	no
Dryobates minor	Mazais dzenis	Picidae	dzilnu dzimta	Piciformes	Dzilnveidīgo kārta	https://www.latvijasdaba.lv/putni/sistematiskais-raditajs/picidae/	no
Dendrocopos major	Dižraibais dzenis	Picidae	dzilnu dzimta	Piciformes	Dzilnveidīgo kārta	https://www.latvijasdaba.lv/putni/sistematiskais-raditajs/picidae/	no
Dendrocopos leucotos	Baltmugurdzenis	Picidae	dzilnu dzimta	Piciformes	Dzilnveidīgo kārta	https://www.latvijasdaba.lv/putni/sistematiskais-raditajs/picidae/	no
Dryocopus martius	Melnā dzilna	Picidae	dzilnu dzimta	Piciformes	Dzilnveidīgo kārta	https://www.latvijasdaba.lv/putni/sistematiskais-raditajs/picidae/	no
Picus viridis	Zaļā dzilna	Picidae	dzilnu dzimta	Piciformes	Dzilnveidīgo kārta	https://www.latvijasdaba.lv/putni/sistematiskais-raditajs/picidae/	no
Picus canus	Pelēkā dzilna	Picidae	dzilnu dzimta	Piciformes	Dzilnveidīgo kārta	https://www.latvijasdaba.lv/putni/sistematiskais-raditajs/picidae/	no
Falco tinnunculus	Lauku piekūns	Falconidae	piekūnu dzimta	Falconiformes	Piekūnveidīgo kārta	https://www.latvijasdaba.lv/putni/sistematiskais-raditajs/falconidae/	no
Falco vespertinus	Kukaiņu piekūns	Falconidae	piekūnu dzimta	Falconiformes	Piekūnveidīgo kārta	https://www.latvijasdaba.lv/putni/sistematiskais-raditajs/falconidae/	no
Falco columbarius	Purva piekūns	Falconidae	piekūnu dzimta	Falconiformes	Piekūnveidīgo kārta	https://www.latvijasdaba.lv/putni/sistematiskais-raditajs/falconidae/	no
Falco subbuteo	Bezdelīgu piekūns	Falconidae	piekūnu dzimta	Falconiformes	Piekūnveidīgo kārta	https://www.latvijasdaba.lv/putni/sistematiskais-raditajs/falconidae/	no
Falco cherrug	Stepes piekūns	Falconidae	piekūnu dzimta	Falconiformes	Piekūnveidīgo kārta	https://www.latvijasdaba.lv/putni/sistematiskais-raditajs/falconidae/	no
Falco rusticolus	Medību piekūns	Falconidae	piekūnu dzimta	Falconiformes	Piekūnveidīgo kārta	https://www.latvijasdaba.lv/putni/sistematiskais-raditajs/falconidae/	no
Falco peregrinus	Lielais piekūns	Falconidae	piekūnu dzimta	Falconiformes	Piekūnveidīgo kārta	https://www.latvijasdaba.lv/putni/sistematiskais-raditajs/falconidae/	no
Oriolus oriolus	Vālodze	Oriolidae	vālodžu dzimta	Passeriformes	Zvirbuļveidīgo kārta	https://www.latvijasdaba.lv/putni/sistematiskais-raditajs/oriolidae/	no
Lanius excubitor	Lielā čakste	Laniidae	čakstu dzimta	Passeriformes	Zvirbuļveidīgo kārta	https://www.latvijasdaba.lv/putni/sistematiskais-raditajs/laniidae/	no
Lanius minor	Melnpieres čakste	Laniidae	čakstu dzimta	Passeriformes	Zvirbuļveidīgo kārta	https://www.latvijasdaba.lv/putni/sistematiskais-raditajs/laniidae/	no
Lanius isabellinus	Daurijas čakste	Laniidae	čakstu dzimta	Passeriformes	Zvirbuļveidīgo kārta	https://www.latvijasdaba.lv/putni/sistematiskais-raditajs/laniidae/	no
Lanius collurio	Brūnā čakste	Laniidae	čakstu dzimta	Passeriformes	Zvirbuļveidīgo kārta	https://www.latvijasdaba.lv/putni/sistematiskais-raditajs/laniidae/	no
Lanius phoenicuroides	Rudastes čakste	Laniidae	čakstu dzimta	Passeriformes	Zvirbuļveidīgo kārta	https://www.latvijasdaba.lv/putni/sistematiskais-raditajs/laniidae/	no
Perisoreus infaustus	Bēdrozis	Corvidae	vārnu dzimta	Passeriformes	Zvirbuļveidīgo kārta	https://www.latvijasdaba.lv/putni/sistematiskais-raditajs/corvidae/	no
Garrulus glandarius	Sīlis	Corvidae	vārnu dzimta	Passeriformes	Zvirbuļveidīgo kārta	https://www.latvijasdaba.lv/putni/sistematiskais-raditajs/corvidae/	no
Pica pica	Žagata	Corvidae	vārnu dzimta	Passeriformes	Zvirbuļveidīgo kārta	https://www.latvijasdaba.lv/putni/sistematiskais-raditajs/corvidae/	no
Nucifraga caryocatactes	Riekstrozis	Corvidae	vārnu dzimta	Passeriformes	Zvirbuļveidīgo kārta	https://www.latvijasdaba.lv/putni/sistematiskais-raditajs/corvidae/	no
Coloeus monedula	Kovārnis	Corvidae	vārnu dzimta	Passeriformes	Zvirbuļveidīgo kārta	https://www.latvijasdaba.lv/putni/sistematiskais-raditajs/corvidae/	no
Corvus frugilegus	Krauķis	Corvidae	vārnu dzimta	Passeriformes	Zvirbuļveidīgo kārta	https://www.latvijasdaba.lv/putni/sistematiskais-raditajs/corvidae/	no
Corvus corone	Melnā vārna	Corvidae	vārnu dzimta	Passeriformes	Zvirbuļveidīgo kārta	https://www.latvijasdaba.lv/putni/sistematiskais-raditajs/corvidae/	no
Corvus cornix	Pelēkā vārna	Corvidae	vārnu dzimta	Passeriformes	Zvirbuļveidīgo kārta	https://www.latvijasdaba.lv/putni/sistematiskais-raditajs/corvidae/	no
Corvus corax	Krauklis	Corvidae	vārnu dzimta	Passeriformes	Zvirbuļveidīgo kārta	https://www.latvijasdaba.lv/putni/sistematiskais-raditajs/corvidae/	no
Bombycilla garrulus	Zīdaste	Bombycillidae	zīdastu dzimta	Passeriformes	Zvirbuļveidīgo kārta	https://www.latvijasdaba.lv/putni/sistematiskais-raditajs/bombycillidae/	no
Periparus ater	Meža zīlīte	Paridae	zīlīšu dzimta	Passeriformes	Zvirbuļveidīgo kārta	https://www.latvijasdaba.lv/putni/sistematiskais-raditajs/paridae/	no
Lophophanes cristatus	Cekulzīlīte	Paridae	zīlīšu dzimta	Passeriformes	Zvirbuļveidīgo kārta	https://www.latvijasdaba.lv/putni/sistematiskais-raditajs/paridae/	no
Poecile palustris	Purva zīlīte	Paridae	zīlīšu dzimta	Passeriformes	Zvirbuļveidīgo kārta	https://www.latvijasdaba.lv/putni/sistematiskais-raditajs/paridae/	no
Poecile montanus	Pelēkā zīlīte	Paridae	zīlīšu dzimta	Passeriformes	Zvirbuļveidīgo kārta	https://www.latvijasdaba.lv/putni/sistematiskais-raditajs/paridae/	no
Cyanistes caeruleus	Zilzīlīte	Paridae	zīlīšu dzimta	Passeriformes	Zvirbuļveidīgo kārta	https://www.latvijasdaba.lv/putni/sistematiskais-raditajs/paridae/	no
Cyanistes cyanus	Gaišzilā zīlīte	Paridae	zīlīšu dzimta	Passeriformes	Zvirbuļveidīgo kārta	https://www.latvijasdaba.lv/putni/sistematiskais-raditajs/paridae/	no
Parus major	Lielā zīlīte	Paridae	zīlīšu dzimta	Passeriformes	Zvirbuļveidīgo kārta	https://www.latvijasdaba.lv/putni/sistematiskais-raditajs/paridae/	no
Remiz pendulinus	Somzīlīte	Remizidae	somzīlīšu dzimta	Passeriformes	Zvirbuļveidīgo kārta	https://www.latvijasdaba.lv/putni/sistematiskais-raditajs/remizidae/	no
Panurus biarmicus	Bārdzīlīte	Panuridae	bārdzīlīšu dzimta	Passeriformes	Zvirbuļveidīgo kārta	https://www.latvijasdaba.lv/putni/sistematiskais-raditajs/panuridae/	no
Lullula arborea	Sila cīrulis	Alaudidae	cīruļu dzimta	Passeriformes	Zvirbuļveidīgo kārta	https://www.latvijasdaba.lv/putni/sistematiskais-raditajs/alaudidae/	no
Alauda arvensis	Lauku cīrulis	Alaudidae	cīruļu dzimta	Passeriformes	Zvirbuļveidīgo kārta	https://www.latvijasdaba.lv/putni/sistematiskais-raditajs/alaudidae/	no
Galerida cristata	Cekulainais cīrulis	Alaudidae	cīruļu dzimta	Passeriformes	Zvirbuļveidīgo kārta	https://www.latvijasdaba.lv/putni/sistematiskais-raditajs/alaudidae/	no
Eremophila alpestris	Ausainais cīrulis	Alaudidae	cīruļu dzimta	Passeriformes	Zvirbuļveidīgo kārta	https://www.latvijasdaba.lv/putni/sistematiskais-raditajs/alaudidae/	no
Calandrella brachydactyla	Īspirkstu cīrulis	Alaudidae	cīruļu dzimta	Passeriformes	Zvirbuļveidīgo kārta	https://www.latvijasdaba.lv/putni/sistematiskais-raditajs/alaudidae/	no
Riparia riparia	Krastu čurkste	Hirundinidae	bezdelīgu dzimta	Passeriformes	Zvirbuļveidīgo kārta	https://www.latvijasdaba.lv/putni/sistematiskais-raditajs/hirundinidae/	no
Hirundo rustica	Bezdelīga	Hirundinidae	bezdelīgu dzimta	Passeriformes	Zvirbuļveidīgo kārta	https://www.latvijasdaba.lv/putni/sistematiskais-raditajs/hirundinidae/	no
Delichon urbicum	Mājas čurkste	Hirundinidae	bezdelīgu dzimta	Passeriformes	Zvirbuļveidīgo kārta	https://www.latvijasdaba.lv/putni/sistematiskais-raditajs/hirundinidae/	no
Cecropis rufula	Vidusjūras bezdelīga	Hirundinidae	bezdelīgu dzimta	Passeriformes	Zvirbuļveidīgo kārta	https://www.latvijasdaba.lv/putni/sistematiskais-raditajs/hirundinidae/	no
Cettia cetti	Cetija	Cetiidae	cetiju dzimta	Passeriformes	Zvirbuļveidīgo kārta	https://www.latvijasdaba.lv/putni/sistematiskais-raditajs/cetiidae/	no
Aegithalos caudatus	Garastīte	Aegithalidae	garastīšu dzimta	Passeriformes	Zvirbuļveidīgo kārta	https://www.latvijasdaba.lv/putni/sistematiskais-raditajs/aegithalidae/	no
Phylloscopus sibilatrix	Svirlītis	Phylloscopidae	ķauķīšu dzimta	Passeriformes	Zvirbuļveidīgo kārta	https://www.latvijasdaba.lv/putni/sistematiskais-raditajs/phylloscopidae/	no
Phylloscopus bonelli	Bonelli ķauķītis	Phylloscopidae	ķauķīšu dzimta	Passeriformes	Zvirbuļveidīgo kārta	https://www.latvijasdaba.lv/putni/sistematiskais-raditajs/phylloscopidae/	no
Phylloscopus humei	Hjūma ķauķītis	Phylloscopidae	ķauķīšu dzimta	Passeriformes	Zvirbuļveidīgo kārta	https://www.latvijasdaba.lv/putni/sistematiskais-raditajs/phylloscopidae/	no
Phylloscopus inornatus	Dzeltensvītru ķauķītis	Phylloscopidae	ķauķīšu dzimta	Passeriformes	Zvirbuļveidīgo kārta	https://www.latvijasdaba.lv/putni/sistematiskais-raditajs/phylloscopidae/	no
Phylloscopus proregulus	Sibīrijas ķauķītis	Phylloscopidae	ķauķīšu dzimta	Passeriformes	Zvirbuļveidīgo kārta	https://www.latvijasdaba.lv/putni/sistematiskais-raditajs/phylloscopidae/	no
Phylloscopus schwarzi	Švarca ķauķītis	Phylloscopidae	ķauķīšu dzimta	Passeriformes	Zvirbuļveidīgo kārta	https://www.latvijasdaba.lv/putni/sistematiskais-raditajs/phylloscopidae/	no
Phylloscopus fuscatus	Tumšais ķauķītis	Phylloscopidae	ķauķīšu dzimta	Passeriformes	Zvirbuļveidīgo kārta	https://www.latvijasdaba.lv/putni/sistematiskais-raditajs/phylloscopidae/	no
Phylloscopus trochilus	Vītītis	Phylloscopidae	ķauķīšu dzimta	Passeriformes	Zvirbuļveidīgo kārta	https://www.latvijasdaba.lv/putni/sistematiskais-raditajs/phylloscopidae/	no
Phylloscopus collybita	Čuņčiņš	Phylloscopidae	ķauķīšu dzimta	Passeriformes	Zvirbuļveidīgo kārta	https://www.latvijasdaba.lv/putni/sistematiskais-raditajs/phylloscopidae/	no
Phylloscopus trochiloides	Zaļais ķauķītis	Phylloscopidae	ķauķīšu dzimta	Passeriformes	Zvirbuļveidīgo kārta	https://www.latvijasdaba.lv/putni/sistematiskais-raditajs/phylloscopidae/	no
Phylloscopus borealis	Ziemeļu ķauķītis	Phylloscopidae	ķauķīšu dzimta	Passeriformes	Zvirbuļveidīgo kārta	https://www.latvijasdaba.lv/putni/sistematiskais-raditajs/phylloscopidae/	no
Acrocephalus arundinaceus	Niedru strazds	Acrocephalidae	kāpelētājķauķu dzimta	Passeriformes	Zvirbuļveidīgo kārta	https://www.latvijasdaba.lv/putni/sistematiskais-raditajs/acrocephalidae/	no
Acrocephalus paludicola	Grīšļu ķauķis	Acrocephalidae	kāpelētājķauķu dzimta	Passeriformes	Zvirbuļveidīgo kārta	https://www.latvijasdaba.lv/putni/sistematiskais-raditajs/acrocephalidae/	no
Acrocephalus schoenobaenus	Ceru ķauķis	Acrocephalidae	kāpelētājķauķu dzimta	Passeriformes	Zvirbuļveidīgo kārta	https://www.latvijasdaba.lv/putni/sistematiskais-raditajs/acrocephalidae/	no
Acrocephalus agricola	Palieņu ķauķis	Acrocephalidae	kāpelētājķauķu dzimta	Passeriformes	Zvirbuļveidīgo kārta	https://www.latvijasdaba.lv/putni/sistematiskais-raditajs/acrocephalidae/	no
Acrocephalus dumetorum	Krūmu ķauķis	Acrocephalidae	kāpelētājķauķu dzimta	Passeriformes	Zvirbuļveidīgo kārta	https://www.latvijasdaba.lv/putni/sistematiskais-raditajs/acrocephalidae/	no
Acrocephalus scirpaceus	Ezeru ķauķis	Acrocephalidae	kāpelētājķauķu dzimta	Passeriformes	Zvirbuļveidīgo kārta	https://www.latvijasdaba.lv/putni/sistematiskais-raditajs/acrocephalidae/	no
Acrocephalus palustris	Purva ķauķis	Acrocephalidae	kāpelētājķauķu dzimta	Passeriformes	Zvirbuļveidīgo kārta	https://www.latvijasdaba.lv/putni/sistematiskais-raditajs/acrocephalidae/	no
Iduna caligata	Klusais ķauķis	Acrocephalidae	kāpelētājķauķu dzimta	Passeriformes	Zvirbuļveidīgo kārta	https://www.latvijasdaba.lv/putni/sistematiskais-raditajs/acrocephalidae/	no
Hippolais icterina	Iedzeltenais ķauķis	Acrocephalidae	kāpelētājķauķu dzimta	Passeriformes	Zvirbuļveidīgo kārta	https://www.latvijasdaba.lv/putni/sistematiskais-raditajs/acrocephalidae/	no
Helopsaltes certhiola	Pallasa ķauķis	Locustellidae	sisinātājķauķu dzimta	Passeriformes	Zvirbuļveidīgo kārta	https://www.latvijasdaba.lv/putni/sistematiskais-raditajs/locustellidae/	no
Locustella lanceolata	Lāsainais ķauķis	Locustellidae	sisinātājķauķu dzimta	Passeriformes	Zvirbuļveidīgo kārta	https://www.latvijasdaba.lv/putni/sistematiskais-raditajs/locustellidae/	no
Locustella fluviatilis	Upes ķauķis	Locustellidae	sisinātājķauķu dzimta	Passeriformes	Zvirbuļveidīgo kārta	https://www.latvijasdaba.lv/putni/sistematiskais-raditajs/locustellidae/	no
Locustella luscinioides	Seivi ķauķis	Locustellidae	sisinātājķauķu dzimta	Passeriformes	Zvirbuļveidīgo kārta	https://www.latvijasdaba.lv/putni/sistematiskais-raditajs/locustellidae/	no
Locustella naevia	Kārklu ķauķis	Locustellidae	sisinātājķauķu dzimta	Passeriformes	Zvirbuļveidīgo kārta	https://www.latvijasdaba.lv/putni/sistematiskais-raditajs/locustellidae/	no
Sylvia atricapilla	Melngalvas ķauķis	Sylviidae	ķauķu dzimta	Passeriformes	Zvirbuļveidīgo kārta	https://www.latvijasdaba.lv/putni/sistematiskais-raditajs/sylviidae/	no
Sylvia borin	Dārza ķauķis	Sylviidae	ķauķu dzimta	Passeriformes	Zvirbuļveidīgo kārta	https://www.latvijasdaba.lv/putni/sistematiskais-raditajs/sylviidae/	no
Curruca nisoria	Svītrainais ķauķis	Sylviidae	ķauķu dzimta	Passeriformes	Zvirbuļveidīgo kārta	https://www.latvijasdaba.lv/putni/sistematiskais-raditajs/sylviidae/	no
Curruca curruca	Gaišais ķauķis	Sylviidae	ķauķu dzimta	Passeriformes	Zvirbuļveidīgo kārta	https://www.latvijasdaba.lv/putni/sistematiskais-raditajs/sylviidae/	no
Curruca nana	Āzijas tuksneša ķauķis	Sylviidae	ķauķu dzimta	Passeriformes	Zvirbuļveidīgo kārta	https://www.latvijasdaba.lv/putni/sistematiskais-raditajs/sylviidae/	no
Curruca communis	Brūnspārnu ķauķis	Sylviidae	ķauķu dzimta	Passeriformes	Zvirbuļveidīgo kārta	https://www.latvijasdaba.lv/putni/sistematiskais-raditajs/sylviidae/	no
Regulus ignicapilla	Sārtgalvītis	Regulidae	krāšņgalvīšu dzimta	Passeriformes	Zvirbuļveidīgo kārta	https://www.latvijasdaba.lv/putni/sistematiskais-raditajs/regulidae/	no
Regulus regulus	Zeltgalvītis	Regulidae	krāšņgalvīšu dzimta	Passeriformes	Zvirbuļveidīgo kārta	https://www.latvijasdaba.lv/putni/sistematiskais-raditajs/regulidae/	no
Troglodytes troglodytes	Paceplītis	Troglodytidae	paceplīšu dzimta	Passeriformes	Zvirbuļveidīgo kārta	https://www.latvijasdaba.lv/putni/sistematiskais-raditajs/troglodytidae/	no
Sitta europaea	Dzilnītis	Sittidae	dzilnīšu dzimta	Passeriformes	Zvirbuļveidīgo kārta	https://www.latvijasdaba.lv/putni/sistematiskais-raditajs/sittidae/	no
Certhia familiaris	Mizložņa	Certhiidae	mizložņu dzimta	Passeriformes	Zvirbuļveidīgo kārta	https://www.latvijasdaba.lv/putni/sistematiskais-raditajs/certhiidae/	no
Certhia brachydactyla	Īspirkstu mizložņa	Certhiidae	mizložņu dzimta	Passeriformes	Zvirbuļveidīgo kārta	https://www.latvijasdaba.lv/putni/sistematiskais-raditajs/certhiidae/	no
Pastor roseus	Sārtais strazds	Sturnidae	strazdu dzimta	Passeriformes	Zvirbuļveidīgo kārta	https://www.latvijasdaba.lv/putni/sistematiskais-raditajs/sturnidae/	no
Sturnus vulgaris	Mājas strazds	Sturnidae	strazdu dzimta	Passeriformes	Zvirbuļveidīgo kārta	https://www.latvijasdaba.lv/putni/sistematiskais-raditajs/sturnidae/	no
Zoothera aurea	Raibais zemesstrazds	Turdidae	mežastrazdu dzimta	Passeriformes	Zvirbuļveidīgo kārta	https://www.latvijasdaba.lv/putni/sistematiskais-raditajs/turdidae/	no
Turdus philomelos	Dziedātājstrazds	Turdidae	mežastrazdu dzimta	Passeriformes	Zvirbuļveidīgo kārta	https://www.latvijasdaba.lv/putni/sistematiskais-raditajs/turdidae/	no
Turdus viscivorus	Sila strazds	Turdidae	mežastrazdu dzimta	Passeriformes	Zvirbuļveidīgo kārta	https://www.latvijasdaba.lv/putni/sistematiskais-raditajs/turdidae/	no
Turdus iliacus	Plukšķis	Turdidae	mežastrazdu dzimta	Passeriformes	Zvirbuļveidīgo kārta	https://www.latvijasdaba.lv/putni/sistematiskais-raditajs/turdidae/	no
Turdus merula	Melnais meža strazds	Turdidae	mežastrazdu dzimta	Passeriformes	Zvirbuļveidīgo kārta	https://www.latvijasdaba.lv/putni/sistematiskais-raditajs/turdidae/	no
Turdus pilaris	Pelēkais strazds	Turdidae	mežastrazdu dzimta	Passeriformes	Zvirbuļveidīgo kārta	https://www.latvijasdaba.lv/putni/sistematiskais-raditajs/turdidae/	no
Turdus torquatus	Apkakles strazds	Turdidae	mežastrazdu dzimta	Passeriformes	Zvirbuļveidīgo kārta	https://www.latvijasdaba.lv/putni/sistematiskais-raditajs/turdidae/	no
Turdus atrogularis	Melnrīkles strazds	Turdidae	mežastrazdu dzimta	Passeriformes	Zvirbuļveidīgo kārta	https://www.latvijasdaba.lv/putni/sistematiskais-raditajs/turdidae/	no
Muscicapa striata	Pelēkais mušķērājs	Muscicapidae	mušķērāju dzimta	Passeriformes	Zvirbuļveidīgo kārta	https://www.latvijasdaba.lv/putni/sistematiskais-raditajs/muscicapidae/	no
Erithacus rubecula	Sarkanrīklīte	Muscicapidae	mušķērāju dzimta	Passeriformes	Zvirbuļveidīgo kārta	https://www.latvijasdaba.lv/putni/sistematiskais-raditajs/muscicapidae/	no
Luscinia luscinia	Lakstīgala	Muscicapidae	mušķērāju dzimta	Passeriformes	Zvirbuļveidīgo kārta	https://www.latvijasdaba.lv/putni/sistematiskais-raditajs/muscicapidae/	no
Luscinia megarhynchos	Rietumu lakstīgala	Muscicapidae	mušķērāju dzimta	Passeriformes	Zvirbuļveidīgo kārta	https://www.latvijasdaba.lv/putni/sistematiskais-raditajs/muscicapidae/	no
Luscinia svecica	Zilrīklīte	Muscicapidae	mušķērāju dzimta	Passeriformes	Zvirbuļveidīgo kārta	https://www.latvijasdaba.lv/putni/sistematiskais-raditajs/muscicapidae/	no
Calliope calliope	Sibīrijas rubīnrīklīte	Muscicapidae	mušķērāju dzimta	Passeriformes	Zvirbuļveidīgo kārta	https://www.latvijasdaba.lv/putni/sistematiskais-raditajs/muscicapidae/	no
Ficedula parva	Mazais mušķērājs	Muscicapidae	mušķērāju dzimta	Passeriformes	Zvirbuļveidīgo kārta	https://www.latvijasdaba.lv/putni/sistematiskais-raditajs/muscicapidae/	no
Ficedula hypoleuca	Melnais mušķērājs	Muscicapidae	mušķērāju dzimta	Passeriformes	Zvirbuļveidīgo kārta	https://www.latvijasdaba.lv/putni/sistematiskais-raditajs/muscicapidae/	no
Ficedula albicollis	Baltkakla mušķērājs	Muscicapidae	mušķērāju dzimta	Passeriformes	Zvirbuļveidīgo kārta	https://www.latvijasdaba.lv/putni/sistematiskais-raditajs/muscicapidae/	no
Tarsiger cyanurus	Rudsānu zilastīte	Muscicapidae	mušķērāju dzimta	Passeriformes	Zvirbuļveidīgo kārta	https://www.latvijasdaba.lv/putni/sistematiskais-raditajs/muscicapidae/	no
Phoenicurus ochruros	Melnais erickiņš	Muscicapidae	mušķērāju dzimta	Passeriformes	Zvirbuļveidīgo kārta	https://www.latvijasdaba.lv/putni/sistematiskais-raditajs/muscicapidae/	no
Phoenicurus phoenicurus	Erickiņš	Muscicapidae	mušķērāju dzimta	Passeriformes	Zvirbuļveidīgo kārta	https://www.latvijasdaba.lv/putni/sistematiskais-raditajs/muscicapidae/	no
Saxicola rubetra	Lukstu čakstīte	Muscicapidae	mušķērāju dzimta	Passeriformes	Zvirbuļveidīgo kārta	https://www.latvijasdaba.lv/putni/sistematiskais-raditajs/muscicapidae/	no
Saxicola maurus	Sibīrijas čakstīte	Muscicapidae	mušķērāju dzimta	Passeriformes	Zvirbuļveidīgo kārta	https://www.latvijasdaba.lv/putni/sistematiskais-raditajs/muscicapidae/	no
Saxicola rubicola	Tumšā čakstīte	Muscicapidae	mušķērāju dzimta	Passeriformes	Zvirbuļveidīgo kārta	https://www.latvijasdaba.lv/putni/sistematiskais-raditajs/muscicapidae/	no
Oenanthe oenanthe	Akmeņčakstīte	Muscicapidae	mušķērāju dzimta	Passeriformes	Zvirbuļveidīgo kārta	https://www.latvijasdaba.lv/putni/sistematiskais-raditajs/muscicapidae/	no
Oenanthe isabellina	Smiltāju čakstīte	Muscicapidae	mušķērāju dzimta	Passeriformes	Zvirbuļveidīgo kārta	https://www.latvijasdaba.lv/putni/sistematiskais-raditajs/muscicapidae/	no
Oenanthe deserti	Tuksneša čakstīte	Muscicapidae	mušķērāju dzimta	Passeriformes	Zvirbuļveidīgo kārta	https://www.latvijasdaba.lv/putni/sistematiskais-raditajs/muscicapidae/	no
Oenanthe pleschanka	Daglā čakstīte	Muscicapidae	mušķērāju dzimta	Passeriformes	Zvirbuļveidīgo kārta	https://www.latvijasdaba.lv/putni/sistematiskais-raditajs/muscicapidae/	no
Cinclus cinclus	Ūdensstrazds	Cinclidae	ūdensstrazdu dzimta	Passeriformes	Zvirbuļveidīgo kārta	https://www.latvijasdaba.lv/putni/sistematiskais-raditajs/cinclidae/	no
Passer montanus	Lauku zvirbulis	Passeridae	zvirbuļu dzimta	Passeriformes	Zvirbuļveidīgo kārta	https://www.latvijasdaba.lv/putni/sistematiskais-raditajs/passeridae/	no
Passer domesticus	Mājas zvirbulis	Passeridae	zvirbuļu dzimta	Passeriformes	Zvirbuļveidīgo kārta	https://www.latvijasdaba.lv/putni/sistematiskais-raditajs/passeridae/	no
Prunella montanella	Sibīrijas peļkājīte	Prunellidae	peļkājīšu dzimta	Passeriformes	Zvirbuļveidīgo kārta	https://www.latvijasdaba.lv/putni/sistematiskais-raditajs/prunellidae/	no
Prunella modularis	Peļkājīte	Prunellidae	peļkājīšu dzimta	Passeriformes	Zvirbuļveidīgo kārta	https://www.latvijasdaba.lv/putni/sistematiskais-raditajs/prunellidae/	no
Motacilla flava	Dzeltenā cielava	Motacillidae	cielavu dzimta	Passeriformes	Zvirbuļveidīgo kārta	https://www.latvijasdaba.lv/putni/sistematiskais-raditajs/motacillidae/	no
Motacilla citreola	Citroncielava	Motacillidae	cielavu dzimta	Passeriformes	Zvirbuļveidīgo kārta	https://www.latvijasdaba.lv/putni/sistematiskais-raditajs/motacillidae/	no
Motacilla cinerea	Pelēkā cielava	Motacillidae	cielavu dzimta	Passeriformes	Zvirbuļveidīgo kārta	https://www.latvijasdaba.lv/putni/sistematiskais-raditajs/motacillidae/	no
Motacilla alba	Baltā cielava	Motacillidae	cielavu dzimta	Passeriformes	Zvirbuļveidīgo kārta	https://www.latvijasdaba.lv/putni/sistematiskais-raditajs/motacillidae/	no
Anthus richardi	Lielā čipste	Motacillidae	cielavu dzimta	Passeriformes	Zvirbuļveidīgo kārta	https://www.latvijasdaba.lv/putni/sistematiskais-raditajs/motacillidae/	no
Anthus campestris	Stepes čipste	Motacillidae	cielavu dzimta	Passeriformes	Zvirbuļveidīgo kārta	https://www.latvijasdaba.lv/putni/sistematiskais-raditajs/motacillidae/	no
Anthus pratensis	Pļavu čipste	Motacillidae	cielavu dzimta	Passeriformes	Zvirbuļveidīgo kārta	https://www.latvijasdaba.lv/putni/sistematiskais-raditajs/motacillidae/	no
Anthus trivialis	Koku čipste	Motacillidae	cielavu dzimta	Passeriformes	Zvirbuļveidīgo kārta	https://www.latvijasdaba.lv/putni/sistematiskais-raditajs/motacillidae/	no
Anthus hodgsoni	Taigas čipste	Motacillidae	cielavu dzimta	Passeriformes	Zvirbuļveidīgo kārta	https://www.latvijasdaba.lv/putni/sistematiskais-raditajs/motacillidae/	no
Anthus cervinus	Sarkanrīkles čipste	Motacillidae	cielavu dzimta	Passeriformes	Zvirbuļveidīgo kārta	https://www.latvijasdaba.lv/putni/sistematiskais-raditajs/motacillidae/	no
Anthus spinoletta	Ūdeņu čipste	Motacillidae	cielavu dzimta	Passeriformes	Zvirbuļveidīgo kārta	https://www.latvijasdaba.lv/putni/sistematiskais-raditajs/motacillidae/	no
Anthus petrosus	Akmeņu čipste	Motacillidae	cielavu dzimta	Passeriformes	Zvirbuļveidīgo kārta	https://www.latvijasdaba.lv/putni/sistematiskais-raditajs/motacillidae/	no
Fringilla coelebs	Žubīte	Fringillidae	žubīšu dzimta	Passeriformes	Zvirbuļveidīgo kārta	https://www.latvijasdaba.lv/putni/sistematiskais-raditajs/fringillidae/	no
Fringilla montifringilla	Ziemas žubīte	Fringillidae	žubīšu dzimta	Passeriformes	Zvirbuļveidīgo kārta	https://www.latvijasdaba.lv/putni/sistematiskais-raditajs/fringillidae/	no
Coccothraustes coccothraustes	Dižknābis	Fringillidae	žubīšu dzimta	Passeriformes	Zvirbuļveidīgo kārta	https://www.latvijasdaba.lv/putni/sistematiskais-raditajs/fringillidae/	no
Pinicola enucleator	Ziemeļu svilpis	Fringillidae	žubīšu dzimta	Passeriformes	Zvirbuļveidīgo kārta	https://www.latvijasdaba.lv/putni/sistematiskais-raditajs/fringillidae/	no
Pyrrhula pyrrhula	Svilpis	Fringillidae	žubīšu dzimta	Passeriformes	Zvirbuļveidīgo kārta	https://www.latvijasdaba.lv/putni/sistematiskais-raditajs/fringillidae/	no
Carpodacus erythrinus	Mazais svilpis	Fringillidae	žubīšu dzimta	Passeriformes	Zvirbuļveidīgo kārta	https://www.latvijasdaba.lv/putni/sistematiskais-raditajs/fringillidae/	no
Chloris chloris	Zaļžubīte	Fringillidae	žubīšu dzimta	Passeriformes	Zvirbuļveidīgo kārta	https://www.latvijasdaba.lv/putni/sistematiskais-raditajs/fringillidae/	no
Linaria flavirostris	Kalnu ķeģis	Fringillidae	žubīšu dzimta	Passeriformes	Zvirbuļveidīgo kārta	https://www.latvijasdaba.lv/putni/sistematiskais-raditajs/fringillidae/	no
Linaria cannabina	Kaņepītis	Fringillidae	žubīšu dzimta	Passeriformes	Zvirbuļveidīgo kārta	https://www.latvijasdaba.lv/putni/sistematiskais-raditajs/fringillidae/	no
Acanthis flammea	Parastais ķeģis	Fringillidae	žubīšu dzimta	Passeriformes	Zvirbuļveidīgo kārta	https://www.latvijasdaba.lv/putni/sistematiskais-raditajs/fringillidae/	no
Loxia pytyopsittacus	Priežu krustknābis	Fringillidae	žubīšu dzimta	Passeriformes	Zvirbuļveidīgo kārta	https://www.latvijasdaba.lv/putni/sistematiskais-raditajs/fringillidae/	no
Loxia curvirostra	Egļu krustknābis	Fringillidae	žubīšu dzimta	Passeriformes	Zvirbuļveidīgo kārta	https://www.latvijasdaba.lv/putni/sistematiskais-raditajs/fringillidae/	no
Loxia leucoptera	Baltsvītru krustknābis	Fringillidae	žubīšu dzimta	Passeriformes	Zvirbuļveidīgo kārta	https://www.latvijasdaba.lv/putni/sistematiskais-raditajs/fringillidae/	no
Carduelis carduelis	Dadzītis	Fringillidae	žubīšu dzimta	Passeriformes	Zvirbuļveidīgo kārta	https://www.latvijasdaba.lv/putni/sistematiskais-raditajs/fringillidae/	no
Serinus serinus	Ģirlicis	Fringillidae	žubīšu dzimta	Passeriformes	Zvirbuļveidīgo kārta	https://www.latvijasdaba.lv/putni/sistematiskais-raditajs/fringillidae/	no
Spinus spinus	Ķivulis	Fringillidae	žubīšu dzimta	Passeriformes	Zvirbuļveidīgo kārta	https://www.latvijasdaba.lv/putni/sistematiskais-raditajs/fringillidae/	no
Calcarius lapponicus	Lapzemes stērste	Calcariidae	Arktikas stērstu dzimta	Passeriformes	Zvirbuļveidīgo kārta	https://www.latvijasdaba.lv/putni/sistematiskais-raditajs/calcariidae/	no
Plectrophenax nivalis	Sniedze	Calcariidae	Arktikas stērstu dzimta	Passeriformes	Zvirbuļveidīgo kārta	https://www.latvijasdaba.lv/putni/sistematiskais-raditajs/calcariidae/	no
Emberiza calandra	Lielā stērste	Emberizidae	stērstu dzimta	Passeriformes	Zvirbuļveidīgo kārta	https://www.latvijasdaba.lv/putni/sistematiskais-raditajs/emberizidae/	no
Emberiza citrinella	Dzeltenā stērste	Emberizidae	stērstu dzimta	Passeriformes	Zvirbuļveidīgo kārta	https://www.latvijasdaba.lv/putni/sistematiskais-raditajs/emberizidae/	no
Emberiza leucocephalos	Priežu stērste	Emberizidae	stērstu dzimta	Passeriformes	Zvirbuļveidīgo kārta	https://www.latvijasdaba.lv/putni/sistematiskais-raditajs/emberizidae/	no
Emberiza hortulana	Dārza stērste	Emberizidae	stērstu dzimta	Passeriformes	Zvirbuļveidīgo kārta	https://www.latvijasdaba.lv/putni/sistematiskais-raditajs/emberizidae/	no
Emberiza pusilla	Mazā stērste	Emberizidae	stērstu dzimta	Passeriformes	Zvirbuļveidīgo kārta	https://www.latvijasdaba.lv/putni/sistematiskais-raditajs/emberizidae/	no
Emberiza rustica	Meža stērste	Emberizidae	stērstu dzimta	Passeriformes	Zvirbuļveidīgo kārta	https://www.latvijasdaba.lv/putni/sistematiskais-raditajs/emberizidae/	no
Emberiza aureola	Birztalu stērste	Emberizidae	stērstu dzimta	Passeriformes	Zvirbuļveidīgo kārta	https://www.latvijasdaba.lv/putni/sistematiskais-raditajs/emberizidae/	no
Emberiza melanocephala	Melngalvas stērste	Emberizidae	stērstu dzimta	Passeriformes	Zvirbuļveidīgo kārta	https://www.latvijasdaba.lv/putni/sistematiskais-raditajs/emberizidae/	no
Emberiza schoeniclus	Niedru stērste	Emberizidae	stērstu dzimta	Passeriformes	Zvirbuļveidīgo kārta	https://www.latvijasdaba.lv/putni/sistematiskais-raditajs/emberizidae/	no
