family_latin	family_lv	order_latin	order_lv	source_url	reviewed
Accipitridae	vanagu dzimta	Accipitriformes	Vanagveidīgo kārta	https://www.latvijasdaba.lv/putni/sistematiskais-raditajs/accipitridae/	no
Acrocephalidae	kāpelētājķauķu dzimta	Passeriformes	Zvirbuļveidīgo kārta	https://www.latvijasdaba.lv/putni/sistematiskais-raditajs/acrocephalidae/	no
Aegithalidae	garastīšu dzimta	Passeriformes	Zvirbuļveidīgo kārta	https://www.latvijasdaba.lv/putni/sistematiskais-raditajs/aegithalidae/	no
Alaudidae	cīruļu dzimta	Passeriformes	Zvirbuļveidīgo kārta	https://www.latvijasdaba.lv/putni/sistematiskais-raditajs/alaudidae/	no
Alcedinidae	zivju dzenīšu dzimta	Coraciiformes	Zaļvārnveidīgo kārta	https://www.latvijasdaba.lv/putni/sistematiskais-raditajs/alcedinidae/	no
Alcidae	alku dzimta	Charadriiformes	Tārtiņveidīgo kārta	https://www.latvijasdaba.lv/putni/sistematiskais-raditajs/alcidae/	no
Anatidae	pīļu dzimta	Anseriformes	Zosveidīgo kārta	https://www.latvijasdaba.lv/putni/sistematiskais-raditajs/anatidae/	no
Apodidae	svīru dzimta	Caprimulgiformes	Lēļveidīgo kārta	https://www.latvijasdaba.lv/putni/sistematiskais-raditajs/apodidae/	no
Ardeidae	gārņu dzimta	Pelecaniformes	Pelikānveidīgo kārta	https://www.latvijasdaba.lv/putni/sistematiskais-raditajs/ardeidae/	no
Bombycillidae	zīdastu dzimta	Passeriformes	Zvirbuļveidīgo kārta	https://www.latvijasdaba.lv/putni/sistematiskais-raditajs/bombycillidae/	no
Burhinidae	akmeņkuitalu dzimta	Charadriiformes	Tārtiņveidīgo kārta	https://www.latvijasdaba.lv/putni/sistematiskais-raditajs/burhinidae/	no
Calcariidae	Arktikas stērstu dzimta	Passeriformes	Zvirbuļveidīgo kārta	https://www.latvijasdaba.lv/putni/sistematiskais-raditajs/calcariidae/	no
Caprimulgidae	lēļu dzimta	Caprimulgiformes	Lēļveidīgo kārta	https://www.latvijasdaba.lv/putni/sistematiskais-raditajs/caprimulgidae/	no
Certhiidae	mizložņu dzimta	Passeriformes	Zvirbuļveidīgo kārta	https://www.latvijasdaba.lv/putni/sistematiskais-raditajs/certhiidae/	no
Cetiidae	cetiju dzimta	Passeriformes	Zvirbuļveidīgo kārta	https://www.latvijasdaba.lv/putni/sistematiskais-raditajs/cetiidae/	no
Charadriidae	tārtiņu dzimta	Charadriiformes	Tārtiņveidīgo kārta	https://www.latvijasdaba.lv/putni/sistematiskais-raditajs/charadriidae/	no
Ciconiidae	stārķu dzimta	Ciconiiformes	Stārķveidīgo kārta	https://www.latvijasdaba.lv/putni/sistematiskais-raditajs/ciconiidae/	no
Cinclidae	ūdensstrazdu dzimta	Passeriformes	Zvirbuļveidīgo kārta	https://www.latvijasdaba.lv/putni/sistematiskais-raditajs/cinclidae/	no
Columbidae	baložu dzimta	Columbiformes	Baložveidīgo kārta	https://www.latvijasdaba.lv/putni/sistematiskais-raditajs/columbidae/	no
Coraciidae	zaļvārnu dzimta	Coraciiformes	Zaļvārnveidīgo kārta	https://www.latvijasdaba.lv/putni/sistematiskais-raditajs/coraciidae/	no
Corvidae	vārnu dzimta	Passeriformes	Zvirbuļveidīgo kārta	https://www.latvijasdaba.lv/putni/sistematiskais-raditajs/corvidae/	no
Cuculidae	dzegužu dzimta	Cuculiformes	Dzegužveidīgo kārta	https://www.latvijasdaba.lv/putni/sistematiskais-raditajs/cuculidae/	no
Emberizidae	stērstu dzimta	Passeriformes	Zvirbuļveidīgo kārta	https://www.latvijasdaba.lv/putni/sistematiskais-raditajs/emberizidae/	no
Falconidae	piekūnu dzimta	Falconiformes	Piekūnveidīgo kārta	https://www.latvijasdaba.lv/putni/sistematiskais-raditajs/falconidae/	no
Fringillidae	žubīšu dzimta	Passeriformes	Zvirbuļveidīgo kārta	https://www.latvijasdaba.lv/putni/sistematiskais-raditajs/fringillidae/	no
Gaviidae	gārgaļu dzimta	Gaviiformes	Gārgaļveidīgo kārta	https://www.latvijasdaba.lv/putni/sistematiskais-raditajs/gaviidae/	no
Glareolidae	bezdelīgtārtiņu dzimta	Charadriiformes	Tārtiņveidīgo kārta	https://www.latvijasdaba.lv/putni/sistematiskais-raditajs/glareolidae/	no
Gruidae	dzērvju dzimta	Gruiformes	Dzērvjveidīgo kārta	https://www.latvijasdaba.lv/putni/sistematiskais-raditajs/gruidae/	no
Haematopodidae	jūrasžagatu dzimta	Charadriiformes	Tārtiņveidīgo kārta	https://www.latvijasdaba.lv/putni/sistematiskais-raditajs/haematopodidae/	no
Hirundinidae	bezdelīgu dzimta	Passeriformes	Zvirbuļveidīgo kārta	https://www.latvijasdaba.lv/putni/sistematiskais-raditajs/hirundinidae/	no
Hydrobatidae	burātāju dzimta	Procellariiformes	Vētrasputnu kārta	https://www.latvijasdaba.lv/putni/sistematiskais-raditajs/hydrobatidae/	no
Laniidae	čakstu dzimta	Passeriformes	Zvirbuļveidīgo kārta	https://www.latvijasdaba.lv/putni/sistematiskais-raditajs/laniidae/	no
Laridae	kaiju dzimta	Charadriiformes	Tārtiņveidīgo kārta	https://www.latvijasdaba.lv/putni/sistematiskais-raditajs/laridae/	no
Locustellidae	sisinātājķauķu dzimta	Passeriformes	Zvirbuļveidīgo kārta	https://www.latvijasdaba.lv/putni/sistematiskais-raditajs/locustellidae/	no
Meropidae	kukaiņdzeņu dzimta	Coraciiformes	Zaļvārnveidīgo kārta	https://www.latvijasdaba.lv/putni/sistematiskais-raditajs/meropidae/	no
Motacillidae	cielavu dzimta	Passeriformes	Zvirbuļveidīgo kārta	https://www.latvijasdaba.lv/putni/sistematiskais-raditajs/motacillidae/	no
Muscicapidae	mušķērāju dzimta	Passeriformes	Zvirbuļveidīgo kārta	https://www.latvijasdaba.lv/putni/sistematiskais-raditajs/muscicapidae/	no
Oriolidae	vālodžu dzimta	Passeriformes	Zvirbuļveidīgo kārta	https://www.latvijasdaba.lv/putni/sistematiskais-raditajs/oriolidae/	no
Otididae	sīgu dzimta	Otidiformes	Sīgveidīgo kārta	https://www.latvijasdaba.lv/putni/sistematiskais-raditajs/otididae/	no
Pandionidae	zivjērgļu dzimta	Accipitriformes	Vanagveidīgo kārta	https://www.latvijasdaba.lv/putni/sistematiskais-raditajs/pandionidae/	no
Panuridae	bārdzīlīšu dzimta	Passeriformes	Zvirbuļveidīgo kārta	https://www.latvijasdaba.lv/putni/sistematiskais-raditajs/panuridae/	no
Paridae	zīlīšu dzimta	Passeriformes	Zvirbuļveidīgo kārta	https://www.latvijasdaba.lv/putni/sistematiskais-raditajs/paridae/	no
Passeridae	zvirbuļu dzimta	Passeriformes	Zvirbuļveidīgo kārta	https://www.latvijasdaba.lv/putni/sistematiskais-raditajs/passeridae/	no
Pelecanidae	pelikānu dzimta	Pelecaniformes	Pelikānveidīgo kārta	https://www.latvijasdaba.lv/putni/sistematiskais-raditajs/pelecanidae/	no
Phalacrocoracidae	jūraskraukļu dzimta	Suliformes	Sullveidīgo kārta	https://www.latvijasdaba.lv/putni/sistematiskais-raditajs/phalacrocoracidae/	no
Phasianidae	fazānu dzimta	Galliformes	Vistveidīgo kārta	https://www.latvijasdaba.lv/putni/sistematiskais-raditajs/phasianidae/	no
Phoenicopteridae	flamingo dzimta	Phoenicopteriformes	Flamingoveidīgo kārta	https://www.latvijasdaba.lv/putni/sistematiskais-raditajs/phoenicopteridae/	no
Phylloscopidae	ķauķīšu dzimta	Passeriformes	Zvirbuļveidīgo kārta	https://www.latvijasdaba.lv/putni/sistematiskais-raditajs/phylloscopidae/	no
Picidae	dzilnu dzimta	Piciformes	Dzilnveidīgo kārta	https://www.latvijasdaba.lv/putni/sistematiskais-raditajs/picidae/	no
Podicipedidae	dūkuru dzimta	Podicipediformes	Dūkurveidīgo kārta	https://www.latvijasdaba.lv/putni/sistematiskais-raditajs/podicipedidae/	no
Procellariidae	vētrasputnu dzimta	Procellariiformes	Vētrasputnu kārta	https://www.latvijasdaba.lv/putni/sistematiskais-raditajs/procellariidae/	no
Prunellidae	peļkājīšu dzimta	Passeriformes	Zvirbuļveidīgo kārta	https://www.latvijasdaba.lv/putni/sistematiskais-raditajs/prunellidae/	no
Pteroclididae	smilširbju dzimta	Pterocliformes	Smilširbjveidīgo kārta	https://www.latvijasdaba.lv/putni/sistematiskais-raditajs/pteroclididae/	no
Rallidae	dumbrvistiņu dzimta	Gruiformes	Dzērvjveidīgo kārta	https://www.latvijasdaba.lv/putni/sistematiskais-raditajs/rallidae/	no
Recurvirostridae	īlenknābju dzimta	Charadriiformes	Tārtiņveidīgo kārta	https://www.latvijasdaba.lv/putni/sistematiskais-raditajs/recurvirostridae/	no
Regulidae	krāšņgalvīšu dzimta	Passeriformes	Zvirbuļveidīgo kārta	https://www.latvijasdaba.lv/putni/sistematiskais-raditajs/regulidae/	no
Remizidae	somzīlīšu dzimta	Passeriformes	Zvirbuļveidīgo kārta	https://www.latvijasdaba.lv/putni/sistematiskais-raditajs/remizidae/	no
Scolopacidae	sloku dzimta	Charadriiformes	Tārtiņveidīgo kārta	https://www.latvijasdaba.lv/putni/sistematiskais-raditajs/scolopacidae/	no
Sittidae	dzilnīšu dzimta	Passeriformes	Zvirbuļveidīgo kārta	https://www.latvijasdaba.lv/putni/sistematiskais-raditajs/sittidae/	no
Stercorariidae	klijkaiju dzimta	Charadriiformes	Tārtiņveidīgo kārta	https://www.latvijasdaba.lv/putni/sistematiskais-raditajs/stercorariidae/	no
Strigidae	pūču dzimta	Strigiformes	Pūčveidīgo kārta	https://www.latvijasdaba.lv/putni/sistematiskais-raditajs/strigidae/	no
Sturnidae	strazdu dzimta	Passeriformes	Zvirbuļveidīgo kārta	https://www.latvijasdaba.lv/putni/sistematiskais-raditajs/sturnidae/	no
Sulidae	sullu dzimta	Suliformes	Sullveidīgo kārta	https://www.latvijasdaba.lv/putni/sistematiskais-raditajs/sulidae/	no
Sylviidae	ķauķu dzimta	Passeriformes	Zvirbuļveidīgo kārta	https://www.latvijasdaba.lv/putni/sistematiskais-raditajs/sylviidae/	no
Threskiornithidae	ibisu dzimta	Pelecaniformes	Pelikānveidīgo kārta	https://www.latvijasdaba.lv/putni/sistematiskais-raditajs/threskiornithidae/	no
Troglodytidae	paceplīšu dzimta	Passeriformes	Zvirbuļveidīgo kārta	https://www.latvijasdaba.lv/putni/sistematiskais-raditajs/troglodytidae/	no
Turdidae	mežastrazdu dzimta	Passeriformes	Zvirbuļveidīgo kārta	https://www.latvijasdaba.lv/putni/sistematiskais-raditajs/turdidae/	no
Tytonidae	plīvurpūču dzimta	Strigiformes	Pūčveidīgo kārta	https://www.latvijasdaba.lv/putni/sistematiskais-raditajs/tytonidae/	no
Upupidae	pupuķu dzimta	Bucerotiformes	Degunragputnveidīgo kārta	https://www.latvijasdaba.lv/putni/sistematiskais-raditajs/upupidae/	no
